,Unnamed: 0,Name,Cusines,Dining_style,Phone number,Website,Location,Payment Options,website_status
0,0,"
Rangrez Indian Restaurant & Bar
",Indian,Casual Dining,+44 20 8563 7176,http://www.rangrez.co.uk/,"
32 Fulham Palace Road, London, W6 9PH
","AMEX, Mastercard, Visa",False
19,24,"
Great Queen Street
","British, European",Casual Dining,+44 20 7242 0622,http://www.greatqueenstreetrestaurant.com/,"
32 Great Queen Street, London, WC2B 5AA
","Mastercard, Visa",False
67,90,"
Bar Restaurant 48
","Eritrean, Ethiopian, Tapas / Small Plates",Casual Dining,+44 7940 785579,http://www.bar48london.com/,"
48 Brixton Road, London, SW9 6BT
","AMEX, Mastercard, Visa",False
81,111,"
Masala Kitchen
",Indian,Casual Dining,+44 20 8870 2468,http://themasalakitchen.com/,"
103 East Hill, London, SW18 2QB
","AMEX, Mastercard, Visa",False
99,140,"
Indian Curry House Village Masaleh
","Indian, Pizzeria",Casual Dining,+44 20 8674 3388,http://www.lacasadegliamici.com/,"
196 Norwood Road Tulse Hill, London, SE27 9AU
","Mastercard, Visa",False
102,143,"
La Barrique
","Pizza Bar, Wine Bar",Casual Dining,+44 20 7474 8042,http://www.labarrique.co.uk/,"
Warehouse K Western Gateway, London, E16 1DR
","AMEX, Discover, Mastercard, Visa",False
108,153,"
Ludlow's
","Mediterranean, Bar / Lounge / Bottle Service",Casual Dining,+44 20 7228 8840,http://ludlowsbarestaurant.com/,"
15 Battersea Square, London, SW11 3RA
","AMEX, Mastercard, Visa",False
109,154,"
Belgo Centraal
","Belgian, European",Casual Dining,+44 20 7813 2233,http://www.belgo.com/restaurant/centraal/,"
50 Earlham Street, London, WC2H 9LA
","AMEX, Diners Club, Mastercard, Visa",False
114,166,"
Cochin - Finchley Central
",Indian,Casual Dining,+44 20 8346 1685,http://www.cochinrestaurant.co.uk/,"
54 Ballards Lane, London, N3 2BU
","Mastercard, Visa",False
119,172,"
The Royal Oak
","Gastro Pub, British",Casual Dining,+44 20 8527 2022,http://royaloakhighamspark.co.uk/,"
320 Hale End Road, London, IG8 9LN
","Mastercard, Visa",False
122,175,"
Arabesque Restaurant London
",Mediterranean,Casual Dining,+44 20 7041 9793,http://arabesquerestaurant.co.uk/,"
23 Winchester Rd, London, NW3 3NR
","Diners Club, Discover, Mastercard, Visa",False
153,218,"
Chislehurst Curry & Grill
",Indian,Casual Dining,+44 20 8467 9390,http://chislehurstcurry-grill.co.uk/,"
53 Chislehurst Road Chislehurst, London, BR7 5NP
","Mastercard, Visa",False
172,246,"
Canela Cafe
",Portuguese,Casual Dining,+44 20 7240 6926,http://www.canelacafe.com/,"
33 Earlham Street, London, WC2H 9LS
","AMEX, Mastercard, Visa",False
187,266,"
Tapas 44
",Spanish,Casual Dining,+44 20 7637 9388,http://www.tapas44.co.uk/,"
3 Windmill Street Fitzrovia, London, W1T 2HY
","AMEX, Mastercard, Visa",False
189,268,"
Deli Boutique
",French,Casual Dining,+44 20 7223 9863,http://www.deliboutique.co.uk/,"
157 St. John's Hill, London, SW11 1TQ
","Mastercard, Visa",False
194,277,"
Karri Twist
",Indian,Casual Dining,+44 20 8691 5169,http://www.karritwist.co.uk/,"
338 New Cross Road, London, SE14 6AG
","Mastercard, Visa",False
248,351,"
Locanda del Melo
",Italian,Casual Dining,+44 20 7403 7513,http://finefoodse1.co.uk/,"
218 Long Lane, London, SE1 4QB
","AMEX, Mastercard, Visa",False
260,367,"
Ajanta Restaurant
",Indian,Casual Dining,+44 20 8743 5191,http://www.ajanta.london/,"
10-12 Goldhawk Road, London, W12 8DH
","AMEX, Mastercard, Visa",False
261,368,"
Patri
",Indian,Casual Dining,+44 20 8743 5191,http://www.ajanta.london/,"
103 Hammersmith Grove, London, W6 0NQ
","AMEX, Mastercard, Visa",False
266,373,"
Nabrasa Express
",Brazilian Steakhouse,Casual Dining,+44 20 7377 1223,http://www.nabrasaexpress.com/,"
30 Osborn Street, London, E1 6TD
","Mastercard, Visa",False
268,376,"
Temakinho - Tower Bridge
","Sushi, Brazilian, Fusion / Eclectic",Casual Dining,+44 20 4580 1187,https://www.temakinho.co.uk/tower-bridge/,"
1 Tower Bridge, London, SE1 2SG
","AMEX, Mastercard, Visa",False
273,381,"
129HRD
",Modern European,Casual Dining,+44 20 3638 7322,http://www.129hrd.co.uk/,"
129 Holloway road, London, N7 8lt
","Mastercard, Visa",False
274,384,"
Kishmish Restaurant
","Persian, Mediterranean",Casual Dining,+44 20 8670 6969,http://kishmishrestaurant.co.uk/,"
Lower Ground Floor 13-14 Crystal Palace Parade, London, SE19 1UA
","AMEX, Diners Club, Mastercard, Visa",False
300,420,"
The Hideaway Bar
","Burgers, Pizzeria",Casual Dining,+44 20 7561 0779,http://www.thehideawaybar.co.uk/,"
114 Junction Road, London, N19 5LB
","AMEX, Mastercard, Visa",False
304,424,"
The Oh Boy
",Tha√Ø,Casual Dining,+44 20 8947 9760,http://www.ohboythai.co.uk/,"
843 Garratt Lane, London, SW17 0PG
","AMEX, Mastercard, Visa",False
305,425,"
Silver Lining
","Global, International",Casual Dining,+44 20 8510 1782,http://silverlininge9.com/,"
13 Morning Lane, London, E9 6ND
","AMEX, Mastercard, Visa",False
322,450,"
Chit Chaat Chai
","Indian, Halal",Casual Dining,+44 20 8480 2364,http://www.chitchaatchai.com/,"
356 Old York Road, London, SW18 1SS
","AMEX, Mastercard, Visa",False
323,452,"
HERE - Crouch End
","Contemporary British, Fusion / Eclectic, Tapas / Small Plates",Casual Dining,+44 20 8347 7546,http://www.herecrouchend.co.uk/,"
1 Park Road, London, N8 8TE
","AMEX, Mastercard, Visa",False
338,469,"
MAM
",Vietnamese,Casual Dining,+44 20 7792 2665,http://www.mamlondon.com/,"
16 All Saints Road, London, W11 1HH
","Mastercard, Visa",False
